sample_idx,session_index,frame_index,true_x_m,true_y_m,est_x_m,est_y_m,rmse_xy_m
0,0,0,-1.0,-1.0,0.02197909913957119,0.3490811288356781,1.692471911512471
1,0,1,-1.0,-1.0,-0.08177664130926132,0.15258890390396118,1.4736333729418032
2,0,2,-1.0,-1.0,-0.031038623303174973,0.29399338364601135,1.6165719985357472
3,0,3,-1.0,-1.0,-0.07218911498785019,0.21012312173843384,1.5248708168605631
4,0,4,-1.0,-1.0,-0.020088844001293182,0.33702942728996277,1.6576711263365986
5,0,5,-1.0,-1.0,-0.056954994797706604,0.3092483580112457,1.6135256876765665
6,0,6,-1.0,-1.0,-0.06253155320882797,0.24506238102912903,1.5585337408548383
7,0,7,-1.0,-1.0,-0.09090851992368698,0.2730702757835388,1.5643385970533736
8,0,8,-1.0,-1.0,-0.028106100857257843,0.13494238257408142,1.4942128238486696
9,0,9,-1.0,-1.0,-0.08476686477661133,0.13053002953529358,1.4545617345069632
10,0,10,-1.0,-1.0,-0.10480854660272598,0.22062700986862183,1.5137034172704824
11,0,11,-1.0,-1.0,-0.08203005790710449,0.24823567271232605,1.5494389659543313
12,0,12,-1.0,-1.0,-0.049399442970752716,0.2423706352710724,1.564329317761501
13,0,13,-1.0,-1.0,-0.38454586267471313,0.09893976151943207,1.2595445187047576
14,0,14,-1.0,-1.0,-0.06694047152996063,0.24166256189346313,1.5531664435200014
15,0,15,-1.0,-1.0,-0.1041809618473053,0.1491709053516388,1.4570811641166475
16,0,16,-1.0,-1.0,-0.01071651466190815,0.3526678681373596,1.6758258190677073
17,0,17,-1.0,-1.0,-0.009915660135447979,0.18054869771003723,1.5407667661621893
18,0,18,-1.0,-1.0,0.03334420919418335,0.32720398902893066,1.682043603230742
19,0,19,-1.0,-1.0,0.0847160816192627,0.3346947729587555,1.7198892739612253
20,0,20,-1.0,-1.0,-0.0139151681214571,0.17822223901748657,1.5364149635356699
21,0,21,-1.0,-1.0,-0.011938883922994137,0.2960025668144226,1.6296893637417256
22,0,22,-1.0,-1.0,-0.0842386856675148,0.21859917044639587,1.5243368141721845
23,0,23,-1.0,-1.0,-0.10788222402334213,0.11628279834985733,1.4289721523197456
24,0,24,-1.0,-1.0,-0.11012069135904312,0.2507678270339966,1.535026169513293
25,0,25,-1.0,-1.0,0.01943700946867466,0.1516827642917633,1.5380588434260738
26,0,26,-1.0,-1.0,-0.05418093502521515,0.27717113494873047,1.5892576290885012
27,0,27,-1.0,-1.0,-0.2970791459083557,0.12489963322877884,1.326460294149496
28,0,28,-1.0,-1.0,-0.05013647675514221,0.1357700079679489,1.4806127865821803
29,0,29,-1.0,-1.0,-0.11759042739868164,0.18555232882499695,1.4778974856872904
30,0,30,-1.0,-1.0,-0.13001607358455658,0.16500863432884216,1.4540003955577128
31,0,31,-1.0,-1.0,-0.0031129708513617516,0.20107370615005493,1.5608849401829163
32,0,32,-1.0,-1.0,-0.01971689611673355,0.24582701921463013,1.585257053466163
33,0,33,-1.0,-1.0,-0.05859862267971039,0.1968090832233429,1.522691214562702
34,0,34,-1.0,-1.0,-0.17411230504512787,0.1995570957660675,1.456374852392266
35,0,35,-1.0,-1.0,-0.05310983210802078,0.22756248712539673,1.5503259818012438
36,0,36,-1.0,-1.0,-0.024564232677221298,0.19567200541496277,1.5430834328401095
37,0,37,-1.0,-1.0,-0.049487434327602386,0.25308340787887573,1.5727975599556545
38,0,38,-1.0,-1.0,-0.02681567519903183,0.15818971395492554,1.5127759726903744
39,0,39,-1.0,-1.0,-0.03205494210124016,0.3246970772743225,1.6406523037041596
40,0,40,-1.0,-1.0,-0.05584175884723663,0.21891096234321594,1.5418102083126652
41,0,41,-1.0,-1.0,0.018048105761408806,0.1873553991317749,1.5640443694127637
42,0,42,-1.0,-1.0,-0.04653702676296234,0.3256118893623352,1.632892685559217
43,0,43,-1.0,-1.0,-0.10010068863630295,0.3170076906681061,1.5950949902346863
44,0,44,-1.0,-1.0,-0.006761524826288223,0.3417932689189911,1.6694106280606076
45,0,45,-1.0,-1.0,-0.03840884938836098,0.16223600506782532,1.5084595030727985
46,0,46,-1.0,-1.0,0.005080720409750938,0.3419616222381592,1.6766180990611594
47,0,47,-1.0,-1.0,0.03431505709886551,0.2059875726699829,1.5887774113373676
48,0,48,-1.0,-1.0,0.032844893634319305,0.1656821370124817,1.557428463479615
49,0,49,-1.0,-1.0,0.05328980088233948,0.23533755540847778,1.623415621597055
50,1,0,-0.8,-1.0,-0.002988590858876705,0.3436376452445984,1.562238556693429
51,1,1,-0.8,-1.0,-0.06713811308145523,0.22431665658950806,1.4268979714402572
52,1,2,-0.8,-1.0,-0.029505036771297455,0.2512897849082947,1.4694858332684417
53,1,3,-0.8,-1.0,0.095235675573349,0.09898526966571808,1.4174680023765975
54,1,4,-0.8,-1.0,-0.08729005604982376,0.2631796896457672,1.4503718118258642
55,1,5,-0.8,-1.0,-0.13742245733737946,0.22409728169441223,1.3919134869281518
56,1,6,-0.8,-1.0,-0.04338972270488739,0.18704882264137268,1.407673264306336
57,1,7,-0.8,-1.0,-0.0347641184926033,0.2603282332420349,1.4744535292281653
58,1,8,-0.8,-1.0,0.10449974238872528,0.33336740732192993,1.6112071334529512
59,1,9,-0.8,-1.0,-0.2639862298965454,0.165138840675354,1.282520674215752
60,1,10,-0.8,-1.0,-0.007832387462258339,0.2718883156776428,1.4984089608351443
61,1,11,-0.8,-1.0,-0.03888029605150223,0.23646071553230286,1.4519429413008293
62,1,12,-0.8,-1.0,-0.26524654030799866,0.2123938798904419,1.325088745197228
63,1,13,-0.8,-1.0,-0.046848542988300323,0.2237841784954071,1.4369707139446248
